-- Очистка таблиц
TRUNCATE TABLE order_items, orders, bouquet_flowers, bouquets, flowers, categories RESTART IDENTITY CASCADE;

-- Категории (5)
INSERT INTO categories (name, slug, description, created_at, updated_at) VALUES
('Розы',       'rozy',       'Классические букеты из роз',    NOW(), NOW()),
('Тюльпаны',   'tyulpany',   'Нежные весенние тюльпаны',      NOW(), NOW()),
('Пионы',      'piony',      'Роскошные пионы',               NOW(), NOW()),
('Смешанные',  'smeshannye', 'Сборные букеты',                NOW(), NOW()),
('Свадебные',  'svadebnye',  'Букеты для свадьбы',            NOW(), NOW());

-- Цветы (20)
INSERT INTO flowers (name, color, price, stock, created_at, updated_at) VALUES
('Роза красная',    'Красный',    150, 100, NOW(), NOW()),
('Роза белая',      'Белый',      150, 80,  NOW(), NOW()),
('Роза розовая',    'Розовый',    150, 90,  NOW(), NOW()),
('Роза жёлтая',     'Жёлтый',    140, 70,  NOW(), NOW()),
('Тюльпан красный', 'Красный',    80,  120, NOW(), NOW()),
('Тюльпан белый',   'Белый',      80,  100, NOW(), NOW()),
('Тюльпан жёлтый',  'Жёлтый',    80,  90,  NOW(), NOW()),
('Тюльпан розовый', 'Розовый',    85,  110, NOW(), NOW()),
('Пион розовый',    'Розовый',    200, 50,  NOW(), NOW()),
('Пион белый',      'Белый',      200, 40,  NOW(), NOW()),
('Хризантема',      'Белый',      90,  80,  NOW(), NOW()),
('Лилия белая',     'Белый',      120, 60,  NOW(), NOW()),
('Лилия розовая',   'Розовый',    120, 55,  NOW(), NOW()),
('Ромашка',         'Белый',      50,  150, NOW(), NOW()),
('Подсолнух',       'Жёлтый',    100, 70,  NOW(), NOW()),
('Гвоздика',        'Красный',    60,  120, NOW(), NOW()),
('Ирис',            'Фиолетовый', 90,  65,  NOW(), NOW()),
('Нарцисс',         'Жёлтый',    70,  90,  NOW(), NOW()),
('Фрезия',          'Розовый',    110, 75,  NOW(), NOW()),
('Альстромерия',    'Оранжевый',  85,  85,  NOW(), NOW());

-- Букеты (20)
INSERT INTO bouquets (category_id, name, description, price, is_available, created_at, updated_at) VALUES
(1, '25 красных роз',     'Классический букет из 25 красных роз.',        3750, true, NOW(), NOW()),
(1, '51 белая роза',      'Роскошный букет из 51 белоснежной розы.',       7650, true, NOW(), NOW()),
(1, 'Розовый рай',        'Нежный букет из розовых и белых роз.',          4500, true, NOW(), NOW()),
(1, 'Жёлтое настроение', 'Яркий букет из жёлтых роз.',                   2800, true, NOW(), NOW()),
(2, '51 тюльпан',         'Весенний букет из 51 разноцветного тюльпана.', 4080, true, NOW(), NOW()),
(2, 'Весенняя нежность',  'Смесь белых и розовых тюльпанов.',              2550, true, NOW(), NOW()),
(2, 'Тюльпановый микс',   'Разноцветные тюльпаны — идеально весной.',     1800, true, NOW(), NOW()),
(2, 'Белые тюльпаны',     'Нежные белые тюльпаны — символ чистоты.',      2000, true, NOW(), NOW()),
(3, 'Пионовый бум',       'Пышный букет из 15 розовых пионов.',            3000, true, NOW(), NOW()),
(3, 'Белые пионы',        'Элегантный букет из белых пионов.',             3200, true, NOW(), NOW()),
(3, 'Пионы и розы',       'Нежное сочетание пионов и роз.',               4200, true, NOW(), NOW()),
(4, 'Летний микс',        'Яркий сборный букет из сезонных цветов.',      2800, true, NOW(), NOW()),
(4, 'Полевые цветы',      'Ромашки, подсолнухи и нарциссы.',               1800, true, NOW(), NOW()),
(4, 'Радуга',             'Разноцветный букет из роз и тюльпанов.',        3200, true, NOW(), NOW()),
(4, 'Солнечный день',     'Подсолнухи и жёлтые тюльпаны.',                2200, true, NOW(), NOW()),
(4, 'Лесная сказка',      'Ирисы, лилии и альстромерии.',                 2600, true, NOW(), NOW()),
(5, 'Свадебный классик',  'Белые розы и пионы — идеальный свадебный.',    5500, true, NOW(), NOW()),
(5, 'Нежная невеста',     'Розовые пионы и белые фрезии.',                 6000, true, NOW(), NOW()),
(5, 'Белоснежный',        'Только белые цветы — розы, пионы, лилии.',     5800, true, NOW(), NOW()),
(5, 'Романтика',          'Розы, фрезии и альстромерии.',                  4800, true, NOW(), NOW());

-- Состав букетов (20+)
INSERT INTO bouquet_flowers (bouquet_id, flower_id, quantity, created_at, updated_at) VALUES
(1,  1,  25, NOW(), NOW()),
(2,  2,  51, NOW(), NOW()),
(3,  3,  20, NOW(), NOW()),
(3,  2,  10, NOW(), NOW()),
(4,  4,  25, NOW(), NOW()),
(5,  5,  17, NOW(), NOW()),
(5,  6,  17, NOW(), NOW()),
(5,  7,  17, NOW(), NOW()),
(6,  6,  25, NOW(), NOW()),
(6,  8,  26, NOW(), NOW()),
(7,  5,  20, NOW(), NOW()),
(7,  8,  20, NOW(), NOW()),
(8,  6,  30, NOW(), NOW()),
(9,  9,  15, NOW(), NOW()),
(10, 10, 15, NOW(), NOW()),
(11, 9,  10, NOW(), NOW()),
(11, 1,  10, NOW(), NOW()),
(12, 1,  10, NOW(), NOW()),
(12, 5,  10, NOW(), NOW()),
(12, 11, 10, NOW(), NOW()),
(13, 14, 15, NOW(), NOW()),
(13, 15, 10, NOW(), NOW()),
(14, 1,  10, NOW(), NOW()),
(14, 5,  10, NOW(), NOW()),
(15, 15, 15, NOW(), NOW()),
(15, 7,  15, NOW(), NOW()),
(16, 17, 10, NOW(), NOW()),
(16, 12, 10, NOW(), NOW()),
(17, 2,  20, NOW(), NOW()),
(17, 10, 10, NOW(), NOW()),
(18, 9,  15, NOW(), NOW()),
(18, 19, 10, NOW(), NOW()),
(19, 2,  15, NOW(), NOW()),
(19, 10, 10, NOW(), NOW()),
(19, 12, 10, NOW(), NOW()),
(20, 1,  10, NOW(), NOW()),
(20, 19, 10, NOW(), NOW()),
(20, 20, 10, NOW(), NOW());

-- Пользователи для заказов (дополнительные)
INSERT INTO users (name, email, password, created_at, updated_at) VALUES
('Иван Петров',    'ivan@mail.ru',    '$2y$12$dummy', NOW(), NOW()),
('Мария Сидорова', 'maria@mail.ru',   '$2y$12$dummy', NOW(), NOW()),
('Алексей Козлов', 'alexey@mail.ru',  '$2y$12$dummy', NOW(), NOW()),
('Ольга Новикова', 'olga@mail.ru',    '$2y$12$dummy', NOW(), NOW()),
('Дмитрий Волков', 'dmitry@mail.ru',  '$2y$12$dummy', NOW(), NOW());

-- Заказы (20)
INSERT INTO orders (user_id, customer_name, customer_phone, delivery_address, delivery_time, total_amount, status, created_at, updated_at) VALUES
(2, 'Иван Петров',       '+7(900)111-11-11', 'г. Москва, ул. Ленина, д.1',      '2025-05-10 10:00:00', 3750,  'delivered',  NOW(), NOW()),
(2, 'Иван Петров',       '+7(900)111-11-11', 'г. Москва, ул. Ленина, д.1',      '2025-05-15 12:00:00', 7650,  'delivered',  NOW(), NOW()),
(3, 'Мария Сидорова',    '+7(900)222-22-22', 'г. Москва, ул. Мира, д.5',        '2025-05-20 14:00:00', 4500,  'delivered',  NOW(), NOW()),
(3, 'Мария Сидорова',    '+7(900)222-22-22', 'г. Москва, ул. Мира, д.5',        '2025-06-01 11:00:00', 2800,  'delivered',  NOW(), NOW()),
(4, 'Алексей Козлов',    '+7(900)333-33-33', 'г. СПб, ул. Садовая, д.10',       '2025-06-05 15:00:00', 4080,  'delivered',  NOW(), NOW()),
(4, 'Алексей Козлов',    '+7(900)333-33-33', 'г. СПб, ул. Садовая, д.10',       '2025-06-10 09:00:00', 2550,  'cancelled',  NOW(), NOW()),
(5, 'Ольга Новикова',    '+7(900)444-44-44', 'г. Казань, пр. Победы, д.3',      '2025-06-15 16:00:00', 3000,  'delivered',  NOW(), NOW()),
(5, 'Ольга Новикова',    '+7(900)444-44-44', 'г. Казань, пр. Победы, д.3',      '2025-06-20 13:00:00', 3200,  'delivered',  NOW(), NOW()),
(6, 'Дмитрий Волков',    '+7(900)555-55-55', 'г. Екб, ул. Ленина, д.20',        '2025-07-01 10:00:00', 2800,  'delivered',  NOW(), NOW()),
(6, 'Дмитрий Волков',    '+7(900)555-55-55', 'г. Екб, ул. Ленина, д.20',        '2025-07-05 12:00:00', 1800,  'delivered',  NOW(), NOW()),
(2, 'Иван Петров',       '+7(900)111-11-11', 'г. Москва, ул. Ленина, д.1',      '2025-07-10 14:00:00', 3200,  'delivered',  NOW(), NOW()),
(3, 'Мария Сидорова',    '+7(900)222-22-22', 'г. Москва, ул. Мира, д.5',        '2025-07-15 11:00:00', 5500,  'delivered',  NOW(), NOW()),
(4, 'Алексей Козлов',    '+7(900)333-33-33', 'г. СПб, ул. Садовая, д.10',       '2025-07-20 15:00:00', 6000,  'confirmed',  NOW(), NOW()),
(5, 'Ольга Новикова',    '+7(900)444-44-44', 'г. Казань, пр. Победы, д.3',      '2025-08-01 16:00:00', 5800,  'confirmed',  NOW(), NOW()),
(6, 'Дмитрий Волков',    '+7(900)555-55-55', 'г. Екб, ул. Ленина, д.20',        '2025-08-05 10:00:00', 4800,  'new',        NOW(), NOW()),
(2, 'Иван Петров',       '+7(900)111-11-11', 'г. Москва, ул. Ленина, д.1',      '2025-08-10 12:00:00', 2200,  'new',        NOW(), NOW()),
(3, 'Мария Сидорова',    '+7(900)222-22-22', 'г. Москва, ул. Мира, д.5',        '2025-08-15 14:00:00', 2600,  'delivering', NOW(), NOW()),
(4, 'Алексей Козлов',    '+7(900)333-33-33', 'г. СПб, ул. Садовая, д.10',       '2025-08-20 11:00:00', 4200,  'delivering', NOW(), NOW()),
(5, 'Ольга Новикова',    '+7(900)444-44-44', 'г. Казань, пр. Победы, д.3',      '2025-09-01 15:00:00', 3750,  'new',        NOW(), NOW()),
(6, 'Дмитрий Волков',    '+7(900)555-55-55', 'г. Екб, ул. Ленина, д.20',        '2025-09-05 16:00:00', 7650,  'new',        NOW(), NOW());

-- Строки заказов (20+)
INSERT INTO order_items (order_id, bouquet_id, bouquet_name, quantity, price, created_at, updated_at) VALUES
(1,  1,  '25 красных роз',    1, 3750, NOW(), NOW()),
(2,  2,  '51 белая роза',     1, 7650, NOW(), NOW()),
(3,  3,  'Розовый рай',       1, 4500, NOW(), NOW()),
(4,  4,  'Жёлтое настроение', 1, 2800, NOW(), NOW()),
(5,  5,  '51 тюльпан',        1, 4080, NOW(), NOW()),
(6,  6,  'Весенняя нежность', 1, 2550, NOW(), NOW()),
(7,  9,  'Пионовый бум',      1, 3000, NOW(), NOW()),
(8,  10, 'Белые пионы',       1, 3200, NOW(), NOW()),
(9,  12, 'Летний микс',       1, 2800, NOW(), NOW()),
(10, 13, 'Полевые цветы',     1, 1800, NOW(), NOW()),
(11, 14, 'Радуга',            1, 3200, NOW(), NOW()),
(12, 17, 'Свадебный классик', 1, 5500, NOW(), NOW()),
(13, 18, 'Нежная невеста',    1, 6000, NOW(), NOW()),
(14, 19, 'Белоснежный',       1, 5800, NOW(), NOW()),
(15, 20, 'Романтика',         1, 4800, NOW(), NOW()),
(16, 15, 'Солнечный день',    1, 2200, NOW(), NOW()),
(17, 16, 'Лесная сказка',     1, 2600, NOW(), NOW()),
(18, 11, 'Пионы и розы',      1, 4200, NOW(), NOW()),
(19, 1,  '25 красных роз',    1, 3750, NOW(), NOW()),
(20, 2,  '51 белая роза',     1, 7650, NOW(), NOW());
